id,name,ssw_name,equipment_class,tonnage_func,tonnage_factor,critical_func,critical_factor,cost_func,cost_factor,weapon_properties,basic_ammo,ammo_for,has_ammo,ammo_size,splittable,crittable,evaluate_last,record_status,fcs_artemis_iv,fcs_artemis_v,fcs_apollo
11767,(IS) Narc Missile Beacon,Equipment - (IS) Narc Missile Beacon,?,,,,,,,,False,,False,,False,True,False,0,False,False,False
12890,Large Vibroblade,Equipment - Large Vibroblade,?,,,,,,,,False,,False,,False,True,False,0,False,False,False
12143,Medium Vibroblade,Equipment - Medium Vibroblade,?,,,,,,,,False,,False,,False,True,False,0,False,False,False
11950,Modular Armor,Equipment - Modular Armor,?,,,,,,,,False,,False,,False,True,False,0,False,False,False
11985,M-Pod,Equipment - M-Pod,?,,,,,,,,False,,False,,False,True,False,0,False,False,False
11979,MW Aquatic Survival System,Equipment - MW Aquatic Survival System,?,,,,,,,,False,,False,,False,True,False,0,False,False,False
11944,Remote Sensor Dispenser,Equipment - Remote Sensor Dispenser,?,,,,,,,,False,,False,,False,True,False,0,False,False,False
14371,Retractable Blade,Equipment - Retractable Blade,?,,,,,,,,False,,False,,False,True,False,0,False,False,False
11991,Small Vibroblade,Equipment - Small Vibroblade,?,,,,,,,,False,,False,,False,True,False,0,False,False,False
12009,Spikes,Equipment - Spikes,?,,,,,,,,False,,False,,False,True,False,0,False,False,False
11568,TAG,Equipment - TAG,?,,,,,,,,False,,False,,False,True,False,0,False,False,False
15168,Vehicular Grenade Launcher,Equipment - Vehicular Grenade Launcher,?,,,,,,,,False,,False,,False,True,False,0,False,False,False
12001,@ C3 Remote Launcher,Ammo - @ C3 Remote Launcher,A,,,,,,,,False,,False,,False,True,False,0,False,False,False
14982,(CL) @ LB 10-X AC (Cluster),Ammo - (CL) @ LB 10-X AC (Cluster),A,,,,,,,,False,,False,,False,True,False,0,False,False,False
14981,(CL) @ LB 10-X AC (Slug),Ammo - (CL) @ LB 10-X AC (Slug),A,,,,,,,,False,,False,,False,True,False,0,False,False,False
15586,(CL) @ LRM-10 (Artemis IV Capable),Ammo - (CL) @ LRM-10 (Artemis IV Capable),A,,,,,,,,False,,False,,False,True,False,0,False,False,False
15608,(CL) @ Streak LRM-10,Ammo - (CL) @ Streak LRM-10,A,,,,,,,,False,,False,,False,True,False,0,False,False,False
15557,(CL) @ Streak SRM-4,Ammo - (CL) @ Streak SRM-4,A,,,,,,,,False,,False,,False,True,False,0,False,False,False
14983,(CL) @ Streak SRM-6,Ammo - (CL) @ Streak SRM-6,A,,,,,,,,False,,False,,False,True,False,0,False,False,False
12893,@ Fluid Gun (Water),Ammo - @ Fluid Gun (Water),A,,,,,,,,False,,False,,False,True,False,0,False,False,False
11588,@ Gauss Rifle,Ammo - @ Gauss Rifle,A,fixed,1.00,fixed,1.00,fixed,2500.0000,,True,11587,False,8,False,True,False,2,False,False,False
14334,@ Heavy Flamer,Ammo - @ Heavy Flamer,A,fixed,1.00,fixed,1.00,fixed,50.0000,,True,14333,False,20,False,True,False,2,False,False,False
16019,@ Heavy Machine Gun (1/2),Ammo - @ Heavy Machine Gun (1/2),A,,,,,,,,False,,False,,False,True,False,0,False,False,False
11580,(IS) @ AC/10,Ammo - (IS) @ AC/10,A,fixed,1.00,fixed,1.00,fixed,6000.0000,,False,,False,,False,True,False,1,False,False,False
11812,(IS) @ AC/2,Ammo - (IS) @ AC/2,A,fixed,1.00,fixed,1.00,fixed,1000.0000,,False,,False,,False,True,False,1,False,False,False
11664,(IS) @ AC/20,Ammo - (IS) @ AC/20,A,fixed,1.00,fixed,1.00,fixed,10000.0000,,False,,False,,False,True,False,1,False,False,False
11612,(IS) @ AC/5,Ammo - (IS) @ AC/5,A,fixed,1.00,fixed,1.00,fixed,4500.0000,,False,,False,,False,True,False,1,False,False,False
11564,(IS) @ Anti-Missile System,Ammo - (IS) @ Anti-Missile System,A,fixed,1.00,fixed,1.00,fixed,2000.0000,,True,11562,False,12,False,True,False,2,False,False,False
11584,(IS) @ Arrow IV (Homing),Ammo - (IS) @ Arrow IV (Homing),A,,,,,,,,False,,False,,False,True,False,0,False,False,False
11585,(IS) @ Arrow IV (Non-Homing),Ammo - (IS) @ Arrow IV (Non-Homing),A,,,,,,,,False,,False,,False,True,False,0,False,False,False
12281,(IS) @ BattleMech Taser,Ammo - (IS) @ BattleMech Taser,A,fixed,1.00,fixed,1.00,fixed,2000.0000,,True,12280,False,5,False,True,False,2,False,False,False
12052,(IS) @ ELRM-10,Ammo - (IS) @ ELRM-10,A,,,,,,,,False,,False,,False,True,False,0,False,False,False
14553,(IS) @ ELRM-15,Ammo - (IS) @ ELRM-15,A,,,,,,,,False,,False,,False,True,False,0,False,False,False
12424,(IS) @ Heavy Gauss Rifle,Ammo - (IS) @ Heavy Gauss Rifle,A,fixed,1.00,fixed,1.00,fixed,20000.0000,,True,12423,False,4,False,True,False,2,False,False,False
11947,(IS) @ HVAC/10,Ammo - (IS) @ HVAC/10,A,fixed,1.00,fixed,1.00,fixed,20000.0000,,True,11943,False,8,False,True,False,2,False,False,False
11907,(IS) @ Improved Heavy Gauss Rifle,Ammo - (IS) @ Improved Heavy Gauss Rifle,A,fixed,1.00,fixed,1.00,fixed,20000.0000,,False,11906,False,4,False,True,False,2,False,False,False
12210,(IS) @ iNarc (Homing),Ammo - (IS) @ iNarc (Homing),A,fixed,1.00,fixed,1.00,fixed,7500.0000,,False,,False,,False,True,False,1,False,False,False
11599,(IS) @ LB 10-X AC (Cluster),Ammo - (IS) @ LB 10-X AC (Cluster),A,fixed,1.00,fixed,1.00,fixed,20000.0000,,False,,False,,False,True,False,1,False,False,False
11600,(IS) @ LB 10-X AC (Slug),Ammo - (IS) @ LB 10-X AC (Slug),A,fixed,1.00,fixed,1.00,fixed,12000.0000,,False,,False,,False,True,False,1,False,False,False
11597,(IS) @ LB 20-X AC (Cluster),Ammo - (IS) @ LB 20-X AC (Cluster),A,fixed,1.00,fixed,1.00,fixed,34000.0000,,False,,False,,False,True,False,1,False,False,False
11596,(IS) @ LB 20-X AC (Slug),Ammo - (IS) @ LB 20-X AC (Slug),A,fixed,1.00,fixed,1.00,fixed,20000.0000,,False,,False,,False,True,False,1,False,False,False
14601,(IS) @ LB 2-X AC (Cluster),Ammo - (IS) @ LB 2-X AC (Cluster),A,fixed,1.00,fixed,1.00,fixed,3300.0000,,False,,False,,False,True,False,1,False,False,False
12784,(IS) @ LB 2-X AC (Slug),Ammo - (IS) @ LB 2-X AC (Slug),A,fixed,1.00,fixed,1.00,fixed,2000.0000,,False,,False,,False,True,False,1,False,False,False
12217,(IS) @ LB 5-X AC (Cluster),Ammo - (IS) @ LB 5-X AC (Cluster),A,fixed,1.00,fixed,1.00,fixed,15000.0000,,False,,False,,False,True,False,1,False,False,False
12216,(IS) @ LB 5-X AC (Slug),Ammo - (IS) @ LB 5-X AC (Slug),A,fixed,1.00,fixed,1.00,fixed,9000.0000,,False,,False,,False,True,False,1,False,False,False
12196,(IS) @ Light AC/2,Ammo - (IS) @ Light AC/2,A,fixed,1.00,fixed,1.00,fixed,1000.0000,,True,12195,False,45,False,True,False,2,False,False,False
11796,(IS) @ Light AC/5,Ammo - (IS) @ Light AC/5,A,fixed,1.00,fixed,1.00,fixed,4500.0000,,True,11795,False,20,False,True,False,2,False,False,False
11621,(IS) @ Light Gauss Rifle,Ammo - (IS) @ Light Gauss Rifle,A,fixed,1.00,fixed,1.00,fixed,20000.0000,,True,11620,False,16,False,True,False,2,False,False,False
11714,(IS) @ LRM-10,Ammo - (IS) @ LRM-10,A,fixed,1.00,fixed,1.00,fixed,30000.0000,,True,11713,False,12,False,True,False,2,False,False,False
11820,(IS) @ LRM-10 (Artemis IV Capable),Ammo - (IS) @ LRM-10 (Artemis IV Capable),A,fixed,1.00,fixed,1.00,fixed,60000.0000,,False,11713,False,12,False,True,False,2,False,False,False
14587,(IS) @ LRM-10 (Narc Capable),Ammo - (IS) @ LRM-10 (Narc Capable),A,fixed,1.00,fixed,1.00,fixed,60000.0000,,False,11713,False,12,False,True,False,2,False,False,False
11808,(IS) @ LRM-15,Ammo - (IS) @ LRM-15,A,fixed,1.00,fixed,1.00,fixed,30000.0000,,True,11769,False,8,False,True,False,2,False,False,False
11776,(IS) @ LRM-15 (Artemis IV Capable),Ammo - (IS) @ LRM-15 (Artemis IV Capable),A,fixed,1.00,fixed,1.00,fixed,60000.0000,,False,11769,False,8,False,True,False,2,False,False,False
11770,(IS) @ LRM-15 (Narc Capable),Ammo - (IS) @ LRM-15 (Narc Capable),A,fixed,1.00,fixed,1.00,fixed,60000.0000,,False,11769,False,8,False,True,False,2,False,False,False
11606,(IS) @ LRM-20,Ammo - (IS) @ LRM-20,A,fixed,1.00,fixed,1.00,fixed,30000.0000,,True,11604,False,6,False,True,False,2,False,False,False
11605,(IS) @ LRM-20 (Artemis IV Capable),Ammo - (IS) @ LRM-20 (Artemis IV Capable),A,fixed,1.00,fixed,1.00,fixed,60000.0000,,False,11604,False,6,False,True,False,2,False,False,False
14592,(IS) @ LRM-20 (Narc Capable),Ammo - (IS) @ LRM-20 (Narc Capable),A,fixed,1.00,fixed,1.00,fixed,60000.0000,,False,11604,False,6,False,True,False,2,False,False,False
11565,(IS) @ LRM-5,Ammo - (IS) @ LRM-5,A,fixed,1.00,fixed,1.00,fixed,30000.0000,,True,11563,False,24,False,True,False,2,False,False,False
12966,(IS) @ LRM-5 (Artemis IV Capable),Ammo - (IS) @ LRM-5 (Artemis IV Capable),A,fixed,1.00,fixed,1.00,fixed,60000.0000,,False,11563,False,24,False,True,False,2,False,False,False
14656,(IS) @ LRM-5 (Narc Capable),Ammo - (IS) @ LRM-5 (Narc Capable),A,fixed,1.00,fixed,1.00,fixed,60000.0000,,False,11563,False,24,False,True,False,2,False,False,False
14658,(IS) @ LRT-10 (Torpedo),Ammo - (IS) @ LRT-10 (Torpedo),A,fixed,1.00,fixed,1.00,fixed,30000.0000,,True,14662,False,12,False,True,False,2,False,False,False
11978,(IS) @ LRT-15 (Torpedo),Ammo - (IS) @ LRT-15 (Torpedo),A,fixed,1.00,fixed,1.00,fixed,30000.0000,,True,11975,False,8,False,True,False,2,False,False,False
14657,(IS) @ LRT-20 (Torpedo),Ammo - (IS) @ LRT-20 (Torpedo),A,fixed,1.00,fixed,1.00,fixed,30000.0000,,False,,False,,False,True,False,1,False,False,False
14659,(IS) @ LRT-5 (Torpedo),Ammo - (IS) @ LRT-5 (Torpedo),A,fixed,1.00,fixed,1.00,fixed,30000.0000,,True,14663,False,24,False,True,False,2,False,False,False
12826,(IS) @ Magshot Gauss Rifle,Ammo - (IS) @ Magshot Gauss Rifle,A,fixed,1.00,fixed,1.00,fixed,1000.0000,,True,12825,False,50,False,True,False,2,False,False,False
12185,(IS) @ MML-3 (LRM),Ammo - (IS) @ MML-3 (LRM),A,fixed,1.00,fixed,1.00,fixed,30000.0000,,False,12183,False,40,False,True,False,2,False,False,False
14660,(IS) @ MML-3 (LRM Artemis IV Capable),Ammo - (IS) @ MML-3 (LRM Artemis IV Capable),A,fixed,1.00,fixed,1.00,fixed,60000.0000,,False,12183,False,40,False,True,False,2,False,False,False
12184,(IS) @ MML-3 (SRM),Ammo - (IS) @ MML-3 (SRM),A,fixed,1.00,fixed,1.00,fixed,54000.0000,,True,12183,False,33,False,True,False,2,False,False,False
14661,(IS) @ MML-3 (SRM Artemis IV Capable),Ammo - (IS) @ MML-3 (SRM Artemis IV Capable),A,fixed,1.00,fixed,1.00,fixed,27000.0000,,False,12183,False,33,False,True,False,2,False,False,False
11558,(IS) @ MML-5 (LRM),Ammo - (IS) @ MML-5 (LRM),A,fixed,1.00,fixed,1.00,fixed,30000.0000,,False,11555,False,24,False,True,False,2,False,False,False
11804,(IS) @ MML-5 (LRM Artemis IV Capable),Ammo - (IS) @ MML-5 (LRM Artemis IV Capable),A,fixed,1.00,fixed,1.00,fixed,60000.0000,,False,11555,False,24,False,True,False,2,False,False,False
11557,(IS) @ MML-5 (SRM),Ammo - (IS) @ MML-5 (SRM),A,fixed,1.00,fixed,1.00,fixed,54000.0000,,True,11555,False,20,False,True,False,2,False,False,False
11803,(IS) @ MML-5 (SRM Artemis IV Capable),Ammo - (IS) @ MML-5 (SRM Artemis IV Capable),A,fixed,1.00,fixed,1.00,fixed,27000.0000,,False,11555,False,20,False,True,False,2,False,False,False
11552,(IS) @ MML-7 (LRM),Ammo - (IS) @ MML-7 (LRM),A,fixed,1.00,fixed,1.00,fixed,30000.0000,,False,11548,False,17,False,True,False,2,False,False,False
11722,(IS) @ MML-7 (LRM Artemis IV Capable),Ammo - (IS) @ MML-7 (LRM Artemis IV Capable),A,fixed,1.00,fixed,1.00,fixed,60000.0000,,False,11548,False,17,False,True,False,2,False,False,False
11551,(IS) @ MML-7 (SRM),Ammo - (IS) @ MML-7 (SRM),A,fixed,1.00,fixed,1.00,fixed,54000.0000,,True,11548,False,14,False,True,False,2,False,False,False
11723,(IS) @ MML-7 (SRM Artemis IV Capable),Ammo - (IS) @ MML-7 (SRM Artemis IV Capable),A,fixed,1.00,fixed,1.00,fixed,27000.0000,,False,11548,False,14,False,True,False,2,False,False,False
11718,(IS) @ MML-9 (LRM),Ammo - (IS) @ MML-9 (LRM),A,fixed,1.00,fixed,1.00,fixed,30000.0000,,False,11717,False,13,False,True,False,2,False,False,False
12497,(IS) @ MML-9 (LRM Artemis IV Capable),Ammo - (IS) @ MML-9 (LRM Artemis IV Capable),A,fixed,1.00,fixed,1.00,fixed,60000.0000,,False,11717,False,13,False,True,False,2,False,False,False
11719,(IS) @ MML-9 (SRM),Ammo - (IS) @ MML-9 (SRM),A,fixed,1.00,fixed,1.00,fixed,54000.0000,,True,11717,False,11,False,True,False,2,False,False,False
12498,(IS) @ MML-9 (SRM Artemis IV Capable),Ammo - (IS) @ MML-9 (SRM Artemis IV Capable),A,fixed,1.00,fixed,1.00,fixed,27000.0000,,False,11717,False,11,False,True,False,2,False,False,False
12172,(IS) @ MRM-10,Ammo - (IS) @ MRM-10,A,fixed,1.00,fixed,1.00,fixed,5000.0000,,True,12171,False,24,False,True,False,2,False,False,False
12142,(IS) @ MRM-20,Ammo - (IS) @ MRM-20,A,fixed,1.00,fixed,1.00,fixed,5000.0000,,True,12141,False,12,False,True,False,2,False,False,False
12531,(IS) @ MRM-30,Ammo - (IS) @ MRM-30,A,fixed,1.00,fixed,1.00,fixed,5000.0000,,True,12530,False,8,False,True,False,2,False,False,False
11592,(IS) @ MRM-40,Ammo - (IS) @ MRM-40,A,fixed,1.00,fixed,1.00,fixed,5000.0000,,True,11591,False,6,False,True,False,2,False,False,False
11768,(IS) @ Narc (Homing),Ammo - (IS) @ Narc (Homing),A,,,,,,,,False,,False,,False,True,False,0,False,False,False
11941,(IS) @ NLRM-5,Ammo - (IS) @ NLRM-5,A,,,,,,,,False,,False,,False,True,False,0,False,False,False
11578,(IS) @ Plasma Rifle,Ammo - (IS) @ Plasma Rifle,A,fixed,1.00,fixed,1.00,fixed,10000.0000,,False,11577,False,10,False,True,False,2,False,False,False
11590,(IS) @ Rotary AC/2,Ammo - (IS) @ Rotary AC/2,A,fixed,1.00,fixed,1.00,fixed,3000.0000,,True,11589,False,45,False,True,False,2,False,False,False
11666,(IS) @ Rotary AC/5,Ammo - (IS) @ Rotary AC/5,A,fixed,1.00,fixed,1.00,fixed,12000.0000,,True,11665,False,20,False,True,False,2,False,False,False
11970,(IS) @ Silver Bullet Gauss,Ammo - (IS) @ Silver Bullet Gauss,A,fixed,1.00,fixed,1.00,fixed,25000.0000,,True,11969,False,8,False,True,False,2,False,False,False
11647,(IS) @ Streak SRM-2,Ammo - (IS) @ Streak SRM-2,A,fixed,1.00,fixed,1.00,fixed,54000.0000,,True,11646,False,50,False,True,False,2,False,False,False
11619,(IS) @ Streak SRM-4,Ammo - (IS) @ Streak SRM-4,A,fixed,1.00,fixed,1.00,fixed,54000.0000,,True,11618,False,25,False,True,False,2,False,False,False
11668,(IS) @ Streak SRM-6,Ammo - (IS) @ Streak SRM-6,A,fixed,1.00,fixed,1.00,fixed,54000.0000,,True,11667,False,15,False,True,False,2,False,False,False
12376,(IS) @ Thunderbolt-10,Ammo - (IS) @ Thunderbolt-10,A,fixed,1.00,fixed,1.00,fixed,50000.0000,,True,12375,False,6,False,True,False,2,False,False,False
11946,(IS) @ Thunderbolt-15,Ammo - (IS) @ Thunderbolt-15,A,fixed,1.00,fixed,1.00,fixed,50000.0000,,True,11945,False,4,False,True,False,2,False,False,False
12329,(IS) @ Thunderbolt-20,Ammo - (IS) @ Thunderbolt-20,A,fixed,1.00,fixed,1.00,fixed,50000.0000,,True,12328,False,3,False,True,False,2,False,False,False
14788,(IS) @ Thunderbolt-5,Ammo - (IS) @ Thunderbolt-5,A,fixed,1.00,fixed,1.00,fixed,50000.0000,,True,14787,False,12,False,True,False,2,False,False,False
11716,(IS) @ Ultra AC/10,Ammo - (IS) @ Ultra AC/10,A,fixed,1.00,fixed,1.00,fixed,12000.0000,,True,11715,False,10,False,True,False,2,False,False,False
14604,(IS) @ Ultra AC/2,Ammo - (IS) @ Ultra AC/2,A,fixed,1.00,fixed,1.00,fixed,1000.0000,,True,14603,False,45,False,True,False,2,False,False,False
11610,(IS) @ Ultra AC/20,Ammo - (IS) @ Ultra AC/20,A,fixed,1.00,fixed,1.00,fixed,20000.0000,,True,11609,False,5,False,True,False,2,False,False,False
11810,(IS) @ Ultra AC/5,Ammo - (IS) @ Ultra AC/5,A,fixed,1.00,fixed,1.00,fixed,9000.0000,,True,11809,False,10,False,True,False,2,False,False,False
12827,@ Light Machine Gun,Ammo - @ Light Machine Gun,A,,,,,,,,False,,False,,False,True,False,0,False,False,False
12438,@ Light Machine Gun (1/2),Ammo - @ Light Machine Gun (1/2),A,,,,,,,,False,,False,,False,True,False,0,False,False,False
12008,@ Long Tom Cannon,Ammo - @ Long Tom Cannon,A,,,,,,,,False,,False,,False,True,False,0,False,False,False
11601,@ Machine Gun,Ammo - @ Machine Gun,A,fixed,1.00,fixed,1.00,fixed,1000.0000,,True,11593,False,,False,True,False,2,False,False,False
11594,@ Machine Gun (1/2),Ammo - @ Machine Gun (1/2),A,,,,,,,,False,,False,,False,True,False,0,False,False,False
11748,@ Sniper,Ammo - @ Sniper,A,fixed,1.00,fixed,1.00,fixed,15000.0000,,True,11747,False,10,False,True,False,2,False,False,False
16087,@ Sniper Cannon,Ammo - @ Sniper Cannon,A,fixed,1.00,fixed,1.00,fixed,15000.0000,,False,11747,False,10,False,True,False,2,False,False,False
11778,@ SRM-2,Ammo - @ SRM-2,A,fixed,1.00,fixed,1.00,fixed,27000.0000,,True,11777,False,50,False,True,False,2,False,False,False
20292,@ SRM-2 (Artemis IV Capable),Ammo - @ SRM-2 (Artemis IV Capable),A,fixed,1.00,fixed,1.00,fixed,54000.0000,,False,11777,False,50,False,True,False,2,False,False,False
20293,@ SRM-2 (Narc Capable),Ammo - @ SRM-2 (Narc Capable),A,fixed,1.00,fixed,1.00,fixed,54000.0000,,False,11777,False,50,False,True,False,2,False,False,False
11608,@ SRM-4,Ammo - @ SRM-4,A,fixed,1.00,fixed,1.00,fixed,27000.0000,,True,11607,False,25,False,True,False,2,False,False,False
12894,@ SRM-4 (Artemis IV Capable),Ammo - @ SRM-4 (Artemis IV Capable),A,fixed,1.00,fixed,1.00,fixed,54000.0000,,False,11607,False,25,False,True,False,2,False,False,False
12891,@ SRM-4 (Narc Capable),Ammo - @ SRM-4 (Narc Capable),A,fixed,1.00,fixed,1.00,fixed,54000.0000,,False,11607,False,25,False,True,False,2,False,False,False
11721,@ SRM-6,Ammo - @ SRM-6,A,fixed,1.00,fixed,1.00,fixed,27000.0000,,True,11720,False,15,False,True,False,2,False,False,False
11783,@ SRM-6 (Artemis IV Capable),Ammo - @ SRM-6 (Artemis IV Capable),A,fixed,1.00,fixed,1.00,fixed,54000.0000,,False,11720,False,15,False,True,False,2,False,False,False
11771,@ SRM-6 (Narc Capable),Ammo - @ SRM-6 (Narc Capable),A,fixed,1.00,fixed,1.00,fixed,54000.0000,,False,11720,False,15,False,True,False,2,False,False,False
20294,@ SRT-2 (Torpedo,Ammo - @ SRT-2 (Torpedo,A,fixed,1.00,fixed,1.00,fixed,27000.0000,,True,16102,False,50,False,True,False,2,False,False,False
11977,@ SRT-4 (Torpedo),Ammo - @ SRT-4 (Torpedo),A,fixed,1.00,fixed,1.00,fixed,27000.0000,,True,11976,False,25,False,True,False,2,False,False,False
15495,@ SRT-6 (Torpedo),Ammo - @ SRT-6 (Torpedo),A,fixed,1.00,fixed,1.00,fixed,27000.0000,,True,15494,False,15,False,True,False,2,False,False,False
14515,@ Streak SRM-6 CP,Ammo - @ Streak SRM-6 CP,A,fixed,1.00,fixed,1.00,fixed,54000.0000,,True,14514,False,15,False,True,False,2,False,False,False
20323,Life Support,Cockpit - Life Support,C,fixed,0.00,fixed,1.00,fixed,50000.0000,,False,,False,,False,True,False,2,False,False,False
20324,Sensors,Cockpit - Sensors,C,fixed,0.00,fixed,1.00,mech,2000.0000,,False,,False,,False,True,False,2,False,False,False
20369,Small Cockpit,Cockpit - Small Cockpit,C,fixed,3.00,fixed,1.00,fixed,175000.0000,,False,,False,,False,True,False,2,False,False,False
20325,Standard Cockpit,Cockpit - Standard Cockpit,C,fixed,3.00,fixed,1.00,fixed,200000.0000,,False,,False,,False,True,False,2,False,False,False
8045,Compact Fusion Engine,Engine - Compact Fusion Engine,E,engine,1.00,fixed,3.00,engine,10000.0000,,False,,False,,False,True,False,1,False,False,False
8044,Fusion Engine,Engine - Fusion Engine,E,engine,1.00,fixed,6.00,engine,5000.0000,,False,,False,,False,True,False,1,False,False,False
8036,Light Fusion Engine,Engine - Light Fusion Engine,E,engine,1.00,fixed,10.00,engine,15000.0000,,False,,False,,False,True,False,1,False,False,False
8034,XL Engine,Engine - XL Engine,E,engine,1.00,fixed,12.00,engine,20000.0000,,False,,False,,False,True,False,1,False,False,False
8087,XXL Engine,Engine - XXL Engine,E,engine,1.00,fixed,18.00,engine,100000.0000,,False,,False,,False,True,False,1,False,False,False
8418,Compact Gyro,Gyro - Compact Gyro,G,gyro,1.50,fixed,2.00,gyro,400000.0000,,False,,False,,False,True,False,2,False,False,False
8419,Extra-Light Gyro,Gyro - Extra-Light Gyro,G,gyro,0.50,fixed,6.00,gyro,750000.0000,,False,,False,,False,True,False,2,False,False,False
8420,Heavy-Duty Gyro,Gyro - Heavy-Duty Gyro,G,gyro,2.00,fixed,4.00,gyro,500000.0000,,False,,False,,False,True,False,2,False,False,False
9779,No Gyro,Gyro - No Gyro,G,,,,,,,,False,,False,,False,True,False,0,False,False,False
8417,Standard Gyro,Gyro - Standard Gyro,G,gyro,1.00,fixed,4.00,gyro,300000.0000,,False,,False,,False,True,False,2,False,False,False
9949,Double Heat Sink,Heatsink - Double Heat Sink,H,fixed,1.00,fixed,3.00,fixed,6000.0000,,False,,False,,False,True,False,2,False,False,False
9951,Single Heat Sink,Heatsink - Single Heat Sink,H,fixed,1.00,fixed,1.00,fixed,2000.0000,,False,,False,,False,True,False,2,False,False,False
9950,Improved Jump Jet,Jumpjet - Improved Jump Jet,J,jumpjet,2.00,fixed,2.00,jumpjet,500.0000,,False,,False,,False,True,False,2,False,False,False
10019,Mech UMU,Jumpjet - Mech UMU,J,jumpjet,1.00,fixed,1.00,jumpjet,200.0000,,False,,False,,False,True,False,2,False,False,False
9948,Standard Jump Jet,Jumpjet - Standard Jump Jet,J,jumpjet,1.00,fixed,1.00,jumpjet,200.0000,,False,,False,,False,True,False,2,False,False,False
15130,"Cargo, Liquid","Equipment - Cargo, Liquid",M,fixed,0.50,fixed,1.00,fixed,50000.0000,,False,,False,,False,True,False,2,False,False,False
11735,"Cargo, Standard","Equipment - Cargo, Standard",M,fixed,0.50,fixed,1.00,fixed,50000.0000,,False,,False,,False,True,False,2,False,False,False
11942,Angel ECM,Equipment - Angel ECM,Q,fixed,2.00,fixed,2.00,fixed,750000.0000,,False,,False,,False,True,False,2,False,False,False
11550,Beagle Active Probe,Equipment - Beagle Active Probe,Q,fixed,1.50,fixed,2.00,fixed,200000.0000,,False,,False,,False,True,False,2,False,False,False
11905,Bloodhound Active Probe,Equipment - Bloodhound Active Probe,Q,fixed,3.00,fixed,2.00,fixed,500000.0000,,False,,False,,False,True,False,2,False,False,False
12186,C3 Boosted Computer (Master),Equipment - C3 Boosted Computer (Master),Q,fixed,6.00,fixed,6.00,fixed,3000000.0000,,False,,False,,False,True,False,2,False,False,False
12020,C3 Boosted Computer (Slave),Equipment - C3 Boosted Computer (Slave),Q,fixed,3.00,fixed,2.00,fixed,500000.0000,,False,,False,,False,True,False,2,False,False,False
11554,C3 Computer (Master),Equipment - C3 Computer (Master),Q,fixed,5.00,fixed,5.00,fixed,1500000.0000,,False,,False,,False,True,False,2,False,False,False
11549,C3 Computer (Slave),Equipment - C3 Computer (Slave),Q,fixed,1.00,fixed,1.00,fixed,250000.0000,,False,,False,,False,True,False,2,False,False,False
12000,C3 Remote Sensor Launcher,Equipment - C3 Remote Sensor Launcher,Q,fixed,4.00,fixed,3.00,fixed,400000.0000,,False,,True,,False,True,False,2,False,False,False
11553,CASE,Equipment - CASE,Q,fixed,0.50,fixed,1.00,fixed,50000.0000,,False,,False,,False,True,False,2,False,False,False
12021,Chaff Pod,Equipment - Chaff Pod,Q,fixed,1.00,fixed,1.00,fixed,2000.0000,,False,,False,,False,True,False,2,False,False,False
15933,Collapsible Command Module (CCM),Equipment - Collapsible Command Module (CCM),Q,fixed,15.00,fixed,12.00,fixed,500000.0000,,False,,False,,False,True,False,2,False,False,False
14634,Communications Equipment,Equipment - Communications Equipment,Q,fixed,1.00,fixed,1.00,per_ton,10000.0000,,False,,False,,False,True,False,2,False,False,False
11987,Coolant Pod,Equipment - Coolant Pod,Q,fixed,1.00,fixed,1.00,fixed,50000.0000,,False,,False,,False,True,False,2,False,False,False
12130,Electronic Warfare Equipment,Equipment - Electronic Warfare Equipment,Q,fixed,7.50,fixed,4.00,fixed,500000.0000,,False,,False,,False,True,False,2,False,False,False
11561,Guardian ECM Suite,Equipment - Guardian ECM Suite,Q,fixed,1.50,fixed,2.00,fixed,200000.0000,,False,,False,,False,True,False,2,False,False,False
12889,HarJel,Equipment - HarJel,Q,fixed,1.00,fixed,1.00,fixed,120000.0000,,False,,False,,False,True,False,2,False,False,False
11603,Improved C3 Computer,Equipment - Improved C3 Computer,Q,fixed,2.50,fixed,2.00,fixed,750000.0000,,False,,False,,False,True,False,2,False,False,False
11562,(IS) Anti-Missile System,Equipment - (IS) Anti-Missile System,Q,fixed,0.50,fixed,1.00,fixed,100000.0000,,False,,True,,False,True,False,2,False,False,False
11948,(IS) CASE II,Equipment - (IS) CASE II,Q,fixed,1.00,fixed,1.00,fixed,175000.0000,,False,,False,,False,True,False,2,False,False,False
11990,(IS) Laser Anti-Missile System,Equipment - (IS) Laser Anti-Missile System,Q,fixed,1.50,fixed,2.00,fixed,225000.0000,,False,,False,,False,True,False,2,False,False,False
11635,(IS) Targeting Computer,Equipment - (IS) Targeting Computer,Q,targetting_computer,1.00,targetting_computer,1.00,per_ton,10000.0000,,False,,False,,False,True,True,2,False,False,False
12899,Large Shield,Equipment - Large Shield,Q,fixed,6.00,fixed,7.00,fixed,300000.0000,,False,,False,,False,True,False,2,False,False,False
11734,Lift Hoist,Equipment - Lift Hoist,Q,fixed,3.00,fixed,3.00,fixed,50000.0000,,False,,False,,False,True,False,2,False,False,False
20291,Medium Shield,Equipment - Medium Shield,Q,fixed,4.00,fixed,5.00,fixed,100000.0000,,False,,False,,False,True,False,2,False,False,False
11736,Salvage Arm,Equipment - Salvage Arm,Q,fixed,3.00,fixed,2.00,fixed,50000.0000,,False,,False,,False,True,False,2,False,False,False
11733,Small Shield,Equipment - Small Shield,Q,fixed,2.00,fixed,3.00,fixed,50000.0000,,False,,False,,False,True,False,2,False,False,False
11788,Supercharger,Equipment - Supercharger,Q,supercharger,1.00,fixed,1.00,per_er,10000.0000,,False,,False,,False,True,False,2,False,False,False
9493,Composite Structure,Structure - Composite Structure,S,structure,1.00,fixed,0.00,mech,1600.0000,,False,,False,,False,False,False,2,False,False,False
9498,Endo-Composite,Structure - Endo-Composite,S,structure,0.50,fixed,7.00,mech,3200.0000,,False,,False,,False,False,False,2,False,False,False
9421,Endo-Steel,Structure - Endo-Steel,S,structure,0.50,fixed,14.00,mech,1600.0000,,False,,False,,False,False,False,2,False,False,False
8037,Ferro-Fibrous,Armour - Ferro-Fibrous,S,armour,1.12,fixed,14.00,per_ton,20000.0000,,False,,False,,False,False,False,2,False,False,False
9780,Hardened Armor,Armour - Hardened Armor,S,armour,0.50,fixed,0.00,per_ton,15000.0000,,False,,False,,False,True,False,2,False,False,False
8046,Heavy Ferro-Fibrous,Armour - Heavy Ferro-Fibrous,S,armour,1.24,fixed,21.00,per_ton,25000.0000,,False,,False,,False,False,False,2,False,False,False
8075,Laser-Reflective,Armour - Laser-Reflective,S,armour,1.00,fixed,10.00,per_ton,30000.0000,,False,,False,,False,True,False,2,False,False,False
8047,Light Ferro-Fibrous,Armour - Light Ferro-Fibrous,S,armour,1.06,fixed,7.00,per_ton,15000.0000,,False,,False,,False,False,False,2,False,False,False
8264,Patchwork Armor,Armour - Patchwork Armor,S,,,,,,,,False,,False,,False,True,False,0,False,False,False
8266,Reactive Armor,Armour - Reactive Armor,S,armour,1.00,fixed,14.00,per_ton,30000.0000,,False,,False,,False,True,False,2,False,False,False
9496,Reinforced Structure,Structure - Reinforced Structure,S,structure,2.00,fixed,0.00,mech,6400.0000,,False,,False,,False,False,False,2,False,False,False
8035,Standard Armor,Armour - Standard Armor,S,armour,1.00,fixed,0.00,per_ton,10000.0000,,False,,False,,False,True,False,2,False,False,False
9422,Standard Structure,Structure - Standard Structure,S,structure,1.00,fixed,0.00,mech,400.0000,,False,,False,,False,False,False,2,False,False,False
8038,Stealth Armor,Armour - Stealth Armor,S,armour,1.00,fixed,12.00,per_ton,50000.0000,,False,,False,,False,True,False,2,False,False,False
18990,Foot,Actuator - Foot,T,fixed,0.00,fixed,1.00,mech,120.0000,,False,,False,,False,True,False,2,False,False,False
18992,Hand,Actuator - Hand,T,fixed,0.00,fixed,1.00,mech,80.0000,,False,,False,,False,True,False,2,False,False,False
18987,Hip,Actuator - Hip,T,fixed,0.00,fixed,1.00,mech,150.0000,,False,,False,,False,True,False,2,False,False,False
18991,Lower Arm,Actuator - Lower Arm,T,fixed,0.00,fixed,1.00,mech,50.0000,,False,,False,,False,True,False,2,False,False,False
18989,Lower Leg,Actuator - Lower Leg,T,fixed,0.00,fixed,1.00,mech,80.0000,,False,,False,,False,True,False,2,False,False,False
18985,Shoulder,Actuator - Shoulder,T,fixed,0.00,fixed,1.00,mech,100.0000,,False,,False,,False,True,False,2,False,False,False
18986,Upper Arm,Actuator - Upper Arm,T,fixed,0.00,fixed,1.00,mech,100.0000,,False,,False,,False,True,False,2,False,False,False
18988,Upper Leg,Actuator - Upper Leg,T,fixed,0.00,fixed,1.00,mech,150.0000,,False,,False,,False,True,False,2,False,False,False
12491,A-Pod,Equipment - A-Pod,W,fixed,0.50,fixed,1.00,fixed,1500.0000,"PD,OS,AI",False,,False,,False,True,False,2,False,False,False
12445,B-Pod,Equipment - B-Pod,W,fixed,1.00,fixed,1.00,fixed,2500.0000,"PD,OS,AI",False,,False,,False,True,False,2,False,False,False
11949,Chain Whip,Equipment - Chain Whip,W,fixed,3.00,fixed,2.00,fixed,120000.0000,PA,False,,False,,False,True,False,2,False,False,False
11826,Claws,Equipment - Claws,W,melee,15.00,melee,15.00,mech,200.0000,PA,False,,False,,False,True,False,2,False,False,False
15129,(CL) ER Large Laser,Equipment - (CL) ER Large Laser,W,fixed,4.00,fixed,1.00,fixed,200000.0000,DE,False,,False,,False,True,False,2,False,False,False
15520,(CL) ER Large Pulse Laser,Equipment - (CL) ER Large Pulse Laser,W,fixed,5.00,fixed,3.00,fixed,400000.0000,P,False,,False,,False,True,False,2,False,False,False
14978,(CL) ER Medium Laser,Equipment - (CL) ER Medium Laser,W,fixed,1.00,fixed,1.00,fixed,80000.0000,DE,False,,False,,False,True,False,2,False,False,False
15519,(CL) ER Medium Pulse Laser,Equipment - (CL) ER Medium Pulse Laser,W,fixed,2.00,fixed,2.00,fixed,150000.0000,P,False,,False,,False,True,False,2,False,False,False
15128,(CL) ER PPC,Equipment - (CL) ER PPC,W,fixed,5.00,fixed,2.00,fixed,300000.0000,DE,False,,False,,False,True,False,2,False,False,False
14984,(CL) ER Small Laser,Equipment - (CL) ER Small Laser,W,fixed,0.50,fixed,1.00,fixed,11250.0000,DE,False,,False,,False,True,False,2,False,False,False
20274,(CL) ER Small Pulse Laser,Equipment - (CL) ER Small Pulse Laser,W,fixed,1.50,fixed,1.00,fixed,30000.0000,"P,AI",False,,False,,False,True,False,2,False,False,False
15555,(CL) Gauss Rifle,Equipment - (CL) Gauss Rifle,W,fixed,12.00,fixed,5.00,fixed,300000.0000,"DB,X",False,,True,,False,True,False,2,False,False,False
14977,(CL) Large Pulse Laser,Equipment - (CL) Large Pulse Laser,W,fixed,5.00,fixed,2.00,fixed,175000.0000,"P,AI",False,,False,,False,True,False,2,False,False,False
14979,(CL) LB 10-X AC,Equipment - (CL) LB 10-X AC,W,fixed,10.00,fixed,5.00,fixed,400000.0000,"M,C,S,C1",False,,True,,False,True,False,2,False,False,False
20278,(CL) LB 20-X AC,Equipment - (CL) LB 20-X AC,W,fixed,12.00,fixed,19.00,fixed,500000.0000,"M,C,S,C1",False,,True,,False,True,False,2,False,False,False
20276,(CL) LB 2-X AC,Equipment - (CL) LB 2-X AC,W,fixed,5.00,fixed,3.00,fixed,150000.0000,"M,C,S,C1",False,,True,,False,True,False,2,False,False,False
20277,(CL) LB 5-X AC,Equipment - (CL) LB 5-X AC,W,fixed,7.00,fixed,4.00,fixed,250000.0000,"M,C,S,C1",False,,True,,False,True,False,2,False,False,False
15585,(CL) LRM-10,Equipment - (CL) LRM-10,W,fixed,1.50,fixed,1.00,fixed,100000.0000,"M,C,S,C5",False,,True,,False,True,False,2,True,False,False
20280,(CL) LRM-15,Equipment - (CL) LRM-15,W,fixed,3.50,fixed,2.00,fixed,175000.0000,"M,C,S,C5",False,,True,,False,True,False,2,True,False,False
20281,(CL) LRM-20,Equipment - (CL) LRM-20,W,fixed,5.00,fixed,4.00,fixed,250000.0000,"M,C,S,C5",False,,True,,False,True,False,2,True,False,False
20279,(CL) LRM-5,Equipment - (CL) LRM-5,W,fixed,1.00,fixed,1.00,fixed,30000.0000,"M,C,S,C5",False,,True,,False,True,False,2,True,False,False
15554,(CL) Medium Pulse Laser,Equipment - (CL) Medium Pulse Laser,W,fixed,2.00,fixed,1.00,fixed,50000.0000,P,False,,False,,False,True,False,2,False,False,False
20275,(CL) Small Pulse Laser,Equipment - (CL) Small Pulse Laser,W,fixed,1.00,fixed,1.00,fixed,15000.0000,P,False,,False,,False,True,False,2,False,False,False
15607,(CL) Streak LRM-10,Equipment - (CL) Streak LRM-10,W,fixed,5.00,fixed,2.00,fixed,225000.0000,"M,C,C5",False,,True,,False,True,False,2,False,False,False
20283,(CL) Streak LRM-15,Equipment - (CL) Streak LRM-15,W,fixed,7.00,fixed,3.00,fixed,400000.0000,"M,C,C5",False,,True,,False,True,False,2,False,False,False
20284,(CL) Streak LRM-20,Equipment - (CL) Streak LRM-20,W,fixed,10.00,fixed,5.00,fixed,500000.0000,"M,C,C5",False,,True,,False,True,False,2,False,False,False
20282,(CL) Streak LRM-5,Equipment - (CL) Streak LRM-5,W,fixed,2.00,fixed,1.00,fixed,75000.0000,"M,C,C5",False,,True,,False,True,False,2,False,False,False
20285,(CL) Streak SRM-2,Equipment - (CL) Streak SRM-2,W,fixed,1.00,fixed,1.00,fixed,15000.0000,"M,C,C2",False,,True,,False,True,False,2,False,False,False
15556,(CL) Streak SRM-4,Equipment - (CL) Streak SRM-4,W,fixed,2.00,fixed,1.00,fixed,90000.0000,"M,C,C2",False,,True,,False,True,False,2,False,False,False
14980,(CL) Streak SRM-6,Equipment - (CL) Streak SRM-6,W,fixed,3.00,fixed,2.00,fixed,120000.0000,"M,C,C2",False,,True,,False,True,False,2,False,False,False
11951,ER Flamer,Equipment - ER Flamer,W,fixed,1.00,fixed,1.00,fixed,15000.0000,"DE,H,AI",False,,False,,False,True,False,2,False,False,False
12888,Flail,Equipment - Flail,W,fixed,5.00,fixed,4.00,fixed,110000.0000,PA,False,,False,,False,True,False,2,False,False,False
11546,Hatchet,Equipment - Hatchet,W,melee,15.00,melee,15.00,per_ton,5000.0000,,False,,False,,False,True,False,2,False,False,False
14333,Heavy Flamer,Equipment - Heavy Flamer,W,fixed,1.50,fixed,1.00,fixed,11250.0000,"DE,H,AI",False,,True,,False,True,False,2,False,False,False
11583,(IS) Arrow IV Missile,Equipment - (IS) Arrow IV Missile,W,fixed,15.00,fixed,15.00,fixed,450000.0000,"AE,S,F",False,,False,,True,True,False,2,False,False,False
11579,(IS) Autocannon/10,Equipment - (IS) Autocannon/10,W,fixed,12.00,fixed,7.00,fixed,200000.0000,"DB,S",False,,True,,True,True,False,2,False,False,False
11811,(IS) Autocannon/2,Equipment - (IS) Autocannon/2,W,fixed,5.00,fixed,1.00,fixed,75000.0000,DB,False,,True,,False,True,False,2,False,False,False
11663,(IS) Autocannon/20,Equipment - (IS) Autocannon/20,W,fixed,14.00,fixed,10.00,fixed,300000.0000,"DB,S",False,,True,,True,True,False,2,False,False,False
11611,(IS) Autocannon/5,Equipment - (IS) Autocannon/5,W,fixed,8.00,fixed,4.00,fixed,125000.0000,DB,False,,False,,False,True,False,2,False,False,False
12280,(IS) BattleMech Taser,Equipment - (IS) BattleMech Taser,W,fixed,5.00,fixed,3.00,fixed,200000.0000,"B,X",False,,True,,False,True,False,2,False,False,False
12136,(IS) Binary Laser Cannon,Equipment - (IS) Binary Laser Cannon,W,fixed,9.00,fixed,4.00,fixed,200000.0000,DE,False,,False,,False,True,False,2,False,False,False
11904,(IS) Bombast Laser,Equipment - (IS) Bombast Laser,W,fixed,7.00,fixed,3.00,fixed,200000.0000,"DE,V",False,,False,,False,True,False,2,False,False,False
12010,(IS) Bombast Laser (Insulated),Equipment - (IS) Bombast Laser (Insulated),W,fixed,7.50,fixed,4.00,fixed,203000.0000,DE,False,,False,,False,True,False,2,False,False,False
12822,(IS) Enhanced ER PPC,Equipment - (IS) Enhanced ER PPC,W,fixed,7.00,fixed,3.00,fixed,300000.0000,DE,False,,False,,False,True,False,2,False,False,False
16105,(IS) Enhanced LRM-10,Equipment - (IS) Enhanced LRM-10,W,fixed,5.00,fixed,4.00,fixed,125000.0000,"M,C,S,C5",False,,True,,False,True,False,2,True,False,False
16106,(IS) Enhanced LRM-15,Equipment - (IS) Enhanced LRM-15,W,fixed,9.00,fixed,5.00,fixed,157000.0000,"M,C,S,C5",False,,True,,False,True,False,2,True,False,False
16107,(IS) Enhanced LRM-20,Equipment - (IS) Enhanced LRM-20,W,fixed,12.00,fixed,9.00,fixed,312500.0000,"M,C,S,C5",False,,True,,False,True,False,2,True,False,False
11940,(IS) Enhanced LRM-5,Equipment - (IS) Enhanced LRM-5,W,fixed,3.00,fixed,2.00,fixed,37500.0000,"M,C,S,C5",False,,True,,False,True,False,2,True,False,False
11582,(IS) ER Large Laser,Equipment - (IS) ER Large Laser,W,fixed,5.00,fixed,2.00,fixed,200000.0000,DE,False,,False,,False,True,False,2,False,False,False
11543,(IS) ER Medium Laser,Equipment - (IS) ER Medium Laser,W,fixed,1.00,fixed,1.00,fixed,80000.0000,DE,False,,False,,False,True,False,2,False,False,False
11560,(IS) ER PPC,Equipment - (IS) ER PPC,W,fixed,7.00,fixed,3.00,fixed,300000.0000,DE,False,,False,,False,True,False,2,False,False,False
12055,(IS) ER PPC + PPC Capacitor,Equipment - (IS) ER PPC + PPC Capacitor,W,fixed,8.00,fixed,4.00,fixed,450000.0000,DE,False,,False,,False,True,False,2,False,False,False
11634,(IS) ER Small Laser,Equipment - (IS) ER Small Laser,W,fixed,0.50,fixed,1.00,fixed,11250.0000,DE,False,,False,,False,True,False,2,False,False,False
12051,(IS) Extended LRM-10,Equipment - (IS) Extended LRM-10,W,fixed,8.00,fixed,4.00,fixed,200000.0000,"M,C,S,C5",False,,True,,False,True,False,2,True,False,False
14552,(IS) Extended LRM-15,Equipment - (IS) Extended LRM-15,W,fixed,12.00,fixed,5.00,fixed,350000.0000,"M,C,S,C5",False,,True,,False,True,False,2,True,False,False
16109,(IS) Extended LRM-20,Equipment - (IS) Extended LRM-20,W,fixed,18.00,fixed,8.00,fixed,500000.0000,"M,C,S,C5",False,,True,,False,True,False,2,True,False,False
16108,(IS) Extended LRM-5,Equipment - (IS) Extended LRM-5,W,fixed,5.00,fixed,1.00,fixed,50000.0000,"M,C,S,C5",False,,True,,False,True,False,2,True,False,False
11576,(IS) Flamer,Equipment - (IS) Flamer,W,fixed,1.00,fixed,1.00,fixed,7500.0000,"DE,H",False,,False,,False,True,False,2,False,False,False
12892,(IS) Fluid Gun,Equipment - (IS) Fluid Gun,W,fixed,2.00,fixed,2.00,fixed,35000.0000,"DB,S",False,,False,,True,True,False,2,False,False,False
11587,(IS) Gauss Rifle,Equipment - (IS) Gauss Rifle,W,fixed,15.00,fixed,7.00,fixed,300000.0000,"DB,X",False,,True,,False,True,False,2,False,False,False
12423,(IS) Heavy Gauss Rifle,Equipment - (IS) Heavy Gauss Rifle,W,fixed,18.00,fixed,11.00,fixed,500000.0000,"DB,X,V",False,,True,,True,True,False,2,False,False,False
11547,(IS) Heavy PPC,Equipment - (IS) Heavy PPC,W,fixed,10.00,fixed,4.00,fixed,250000.0000,DE,False,,False,,False,True,False,2,False,False,False
11908,(IS) Heavy PPC + PPC Capacitor,Equipment - (IS) Heavy PPC + PPC Capacitor,W,fixed,11.00,fixed,5.00,fixed,400000.0000,DE,False,,False,,False,True,False,2,False,False,False
11943,(IS) Hyper-Velocity Autocannon/10,Equipment - (IS) Hyper-Velocity Autocannon/10,W,fixed,14.00,fixed,5.00,fixed,230000.0000,"DB,X",False,,True,,False,True,False,2,False,False,False
16103,(IS) Hyper-Velocity Autocannon/2,Equipment - (IS) Hyper-Velocity Autocannon/2,W,fixed,8.00,fixed,2.00,fixed,100000.0000,"DB,X",False,,True,,False,True,False,2,False,False,False
16104,(IS) Hyper-Velocity Autocannon/5,Equipment - (IS) Hyper-Velocity Autocannon/5,W,fixed,12.00,fixed,4.00,fixed,150000.0000,"DB,X",False,,True,,False,True,False,2,False,False,False
11906,(IS) Improved Heavy Gauss Rifle,Equipment - (IS) Improved Heavy Gauss Rifle,W,fixed,20.00,fixed,11.00,fixed,700000.0000,"DB,X,V",False,,True,,False,True,False,2,False,False,False
12209,(IS) iNarc Launcher,Equipment - (IS) iNarc Launcher,W,fixed,5.00,fixed,3.00,fixed,250000.0000,"M,E,S",False,,False,,True,True,False,2,False,False,False
11567,(IS) Large Laser,Equipment - (IS) Large Laser,W,fixed,5.00,fixed,2.00,fixed,100000.0000,DE,False,,False,,False,True,False,2,False,False,False
11602,(IS) Large Pulse Laser,Equipment - (IS) Large Pulse Laser,W,fixed,7.00,fixed,2.00,fixed,175000.0000,P,False,,False,,False,True,False,2,False,False,False
12201,(IS) Large Variable Speed Pulse Laser,Equipment - (IS) Large Variable Speed Pulse Laser,W,fixed,9.00,fixed,4.00,fixed,465000.0000,P,False,,False,,False,True,False,2,False,False,False
11986,(IS) Large X-Pulse Laser,Equipment - (IS) Large X-Pulse Laser,W,fixed,7.00,fixed,2.00,fixed,275000.0000,P,False,,False,,False,True,False,2,False,False,False
11598,(IS) LB 10-X AC,Equipment - (IS) LB 10-X AC,W,fixed,11.00,fixed,6.00,fixed,400000.0000,"DB,C/S/F",False,,True,,True,True,False,2,False,False,False
11595,(IS) LB 20-X AC,Equipment - (IS) LB 20-X AC,W,fixed,11.00,fixed,6.00,fixed,400000.0000,"DB,C/S/F",False,,True,,False,True,False,2,False,False,False
12783,(IS) LB 2-X AC,Equipment - (IS) LB 2-X AC,W,fixed,5.00,fixed,4.00,fixed,150000.0000,"DB,C/S/F",False,,True,,True,True,False,2,False,False,False
12215,(IS) LB 5-X AC,Equipment - (IS) LB 5-X AC,W,fixed,8.00,fixed,5.00,fixed,250000.0000,"DB,C/S/F",False,,True,,True,True,False,2,False,False,False
12195,(IS) Light AC/2,Equipment - (IS) Light AC/2,W,fixed,4.00,fixed,1.00,fixed,100000.0000,"DB,S",False,,True,,False,True,False,2,False,False,False
11795,(IS) Light AC/5,Equipment - (IS) Light AC/5,W,fixed,5.00,fixed,2.00,fixed,150000.0000,"DB,X",False,,True,,False,True,False,2,False,False,False
11620,(IS) Light Gauss Rifle,Equipment - (IS) Light Gauss Rifle,W,fixed,12.00,fixed,5.00,fixed,275000.0000,"DB,X",False,,True,,False,True,False,2,False,False,False
12715,(IS) Light Machine Gun,Equipment - (IS) Light Machine Gun,W,fixed,0.50,fixed,1.00,fixed,5000.0000,"DB,AI",False,,True,,False,True,False,2,False,False,False
11556,(IS) Light PPC,Equipment - (IS) Light PPC,W,fixed,3.00,fixed,2.00,fixed,150000.0000,DE,False,,False,,False,True,False,2,False,False,False
11952,(IS) Light PPC + PPC Capacitor,Equipment - (IS) Light PPC + PPC Capacitor,W,fixed,4.00,fixed,3.00,fixed,300000.0000,DE,False,,False,,False,True,False,2,False,False,False
11713,(IS) LRM-10,Equipment - (IS) LRM-10,W,fixed,5.00,fixed,2.00,fixed,100000.0000,"M,C,S",False,,True,,False,True,False,2,True,False,False
11769,(IS) LRM-15,Equipment - (IS) LRM-15,W,fixed,7.00,fixed,3.00,fixed,175000.0000,"M,C,S",False,,True,,False,True,False,2,True,False,False
11604,(IS) LRM-20,Equipment - (IS) LRM-20,W,fixed,10.00,fixed,5.00,fixed,250000.0000,"M,C,S",False,,True,,False,True,False,2,True,False,False
11563,(IS) LRM-5,Equipment - (IS) LRM-5,W,fixed,2.00,fixed,1.00,fixed,30000.0000,"M,C,S",False,,True,,False,True,False,2,True,False,False
14662,(IS) LRT-10,Equipment - (IS) LRT-10,W,fixed,5.00,fixed,2.00,fixed,100000.0000,"M,C,S",False,,True,,False,True,False,2,False,False,False
11975,(IS) LRT-15,Equipment - (IS) LRT-15,W,fixed,7.00,fixed,3.00,fixed,175000.0000,"M,C,S",False,,True,,False,True,False,2,False,False,False
14663,(IS) LRT-5,Equipment - (IS) LRT-5,W,fixed,2.00,fixed,1.00,fixed,30000.0000,"M,C,S",False,,True,,False,True,False,2,False,False,False
11593,(IS) Machine Gun,Equipment - (IS) Machine Gun,W,fixed,0.50,fixed,1.00,fixed,5000.0000,"DB,AI",False,,True,,False,True,False,2,False,False,False
12825,(IS) Magshot Gauss Rifle,Equipment - (IS) Magshot Gauss Rifle,W,fixed,0.50,fixed,2.00,fixed,8500.0000,"DB,X",False,,False,,True,True,False,2,False,False,False
11566,(IS) Medium Laser,Equipment - (IS) Medium Laser,W,fixed,1.00,fixed,1.00,fixed,40000.0000,DE,False,,False,,False,True,False,2,False,False,False
11544,(IS) Medium Pulse Laser,Equipment - (IS) Medium Pulse Laser,W,fixed,2.00,fixed,1.00,fixed,50000.0000,DE,False,,False,,False,True,False,2,False,False,False
11988,(IS) Medium Variable Speed Pulse Laser,Equipment - (IS) Medium Variable Speed Pulse Laser,W,fixed,4.00,fixed,2.00,fixed,200000.0000,P,False,,False,,False,True,False,2,False,False,False
12011,(IS) Medium Variable Speed Pulse Laser (Insulated),Equipment - (IS) Medium Variable Speed Pulse Laser (Insulated),W,fixed,4.50,fixed,3.00,fixed,203000.0000,P,False,,False,,False,True,False,2,False,False,False
11968,(IS) Medium X-Pulse Laser,Equipment - (IS) Medium X-Pulse Laser,W,fixed,2.00,fixed,1.00,fixed,110000.0000,P,False,,False,,False,True,False,2,False,False,False
14665,(IS) MG Array (2 Heavy Machine Gun),Equipment - (IS) MG Array (2 Heavy Machine Gun),W,fixed,1.50,fixed,3.00,fixed,11250.0000,"AI,T",False,,True,,False,True,False,2,False,False,False
14664,(IS) MG Array (2 Light Machine Gun),Equipment - (IS) MG Array (2 Light Machine Gun),W,fixed,1.50,fixed,3.00,fixed,11250.0000,"AI,T",False,,True,,False,True,False,2,False,False,False
14666,(IS) MG Array (2 Machine Gun),Equipment - (IS) MG Array (2 Machine Gun),W,fixed,1.50,fixed,3.00,fixed,11250.0000,"AI,T",False,,True,,False,True,False,2,False,False,False
14667,(IS) MG Array (3 Heavy Machine Gun),Equipment - (IS) MG Array (3 Heavy Machine Gun),W,fixed,2.00,fixed,4.00,fixed,16250.0000,"AI,T",False,,True,,False,True,False,2,False,False,False
12437,(IS) MG Array (3 Light Machine Gun),Equipment - (IS) MG Array (3 Light Machine Gun),W,fixed,2.00,fixed,4.00,fixed,16250.0000,"AI,T",False,,True,,False,True,False,2,False,False,False
14602,(IS) MG Array (3 Machine Gun),Equipment - (IS) MG Array (3 Machine Gun),W,fixed,2.00,fixed,4.00,fixed,16250.0000,"AI,T",False,,True,,False,True,False,2,False,False,False
14668,(IS) MG Array (4 Heavy Machine Gun),Equipment - (IS) MG Array (4 Heavy Machine Gun),W,fixed,2.50,fixed,5.00,fixed,21250.0000,"AI,T",False,,True,,False,True,False,2,False,False,False
14623,(IS) MG Array (4 Light Machine Gun),Equipment - (IS) MG Array (4 Light Machine Gun),W,fixed,2.50,fixed,5.00,fixed,21250.0000,"AI,T",False,,True,,False,True,False,2,False,False,False
11712,(IS) MG Array (4 Machine Gun),Equipment - (IS) MG Array (4 Machine Gun),W,fixed,2.50,fixed,5.00,fixed,21250.0000,"AI,T",False,,True,,False,True,False,2,False,False,False
12183,(IS) MML-3,Equipment - (IS) MML-3,W,fixed,1.50,fixed,2.00,fixed,45000.0000,"M,C,S",False,,True,,False,True,False,2,True,False,False
11555,(IS) MML-5,Equipment - (IS) MML-5,W,fixed,3.00,fixed,3.00,fixed,75000.0000,"M,C,S",False,,True,,False,True,False,2,True,False,False
11548,(IS) MML-7,Equipment - (IS) MML-7,W,fixed,4.50,fixed,4.00,fixed,105000.0000,"M,C,S",False,,True,,False,True,False,2,True,False,False
11717,(IS) MML-9,Equipment - (IS) MML-9,W,fixed,6.00,fixed,5.00,fixed,125000.0000,"M,C,S",False,,True,,False,True,False,2,True,False,False
12171,(IS) MRM-10,Equipment - (IS) MRM-10,W,fixed,3.00,fixed,2.00,fixed,50000.0000,"M,C",False,,True,,False,True,False,2,False,False,True
12141,(IS) MRM-20,Equipment - (IS) MRM-20,W,fixed,7.00,fixed,3.00,fixed,125000.0000,"M,C",False,,True,,False,True,False,2,False,False,True
12530,(IS) MRM-30,Equipment - (IS) MRM-30,W,fixed,10.00,fixed,5.00,fixed,225000.0000,"M,C",False,,True,,False,True,False,2,False,False,True
11591,(IS) MRM-40,Equipment - (IS) MRM-40,W,fixed,12.00,fixed,7.00,fixed,350000.0000,"M,C",False,,True,,False,True,False,2,False,False,True
11577,(IS) Plasma Rifle,Equipment - (IS) Plasma Rifle,W,fixed,5.00,fixed,2.00,fixed,250000.0000,"DE,H,AI",False,,False,,False,True,False,2,False,False,False
11586,(IS) PPC,Equipment - (IS) PPC,W,fixed,7.00,fixed,2.00,fixed,200000.0000,DE,False,,False,,False,True,False,2,False,False,False
12900,(IS) PPC + PPC Capacitor,Equipment - (IS) PPC + PPC Capacitor,W,fixed,8.00,fixed,3.00,fixed,350000.0000,DE,False,,False,,False,True,False,2,False,False,False
12448,(IS) Rocket Launcher 10,Equipment - (IS) Rocket Launcher 10,W,fixed,0.50,fixed,1.00,fixed,15000.0000,"M,C,OS",False,,False,,False,True,False,2,False,False,False
12447,(IS) Rocket Launcher 15,Equipment - (IS) Rocket Launcher 15,W,fixed,1.00,fixed,2.00,fixed,30000.0000,"M,C,OS",False,,False,,False,True,False,2,False,False,False
12003,(IS) Rocket Launcher 20,Equipment - (IS) Rocket Launcher 20,W,fixed,1.50,fixed,3.00,fixed,45000.0000,"M,C,OS",False,,False,,False,True,False,2,False,False,False
11589,(IS) Rotary AC/2,Equipment - (IS) Rotary AC/2,W,fixed,8.00,fixed,3.00,fixed,175000.0000,"DB,R,C,R6",False,,True,,False,True,False,2,False,False,False
11665,(IS) Rotary AC/5,Equipment - (IS) Rotary AC/5,W,fixed,10.00,fixed,5.00,fixed,275000.0000,"DB,R,C,R6",False,,True,,False,True,False,2,False,False,False
11969,(IS) Silver Bullet Gauss,Equipment - (IS) Silver Bullet Gauss,W,fixed,15.00,fixed,7.00,fixed,350000.0000,"DB,C,F,X",False,,False,,False,True,False,2,False,False,False
11581,(IS) Small Laser,Equipment - (IS) Small Laser,W,fixed,0.50,fixed,1.00,fixed,11250.0000,DE,False,,False,,False,True,False,2,False,False,False
11545,(IS) Small Pulse Laser,Equipment - (IS) Small Pulse Laser,W,fixed,1.00,fixed,1.00,fixed,16000.0000,P,False,,False,,False,True,False,2,False,False,False
11575,(IS) Small Variable Speed Pulse Laser,Equipment - (IS) Small Variable Speed Pulse Laser,W,fixed,2.00,fixed,1.00,fixed,60000.0000,"P,AI",False,,False,,False,True,False,2,False,False,False
12002,(IS) Small X-Pulse Laser,Equipment - (IS) Small X-Pulse Laser,W,fixed,1.00,fixed,1.00,fixed,31000.0000,"P,AI",False,,False,,False,True,False,2,False,False,False
11747,(IS) Sniper,Equipment - (IS) Sniper,W,fixed,15.00,fixed,10.00,fixed,475000.0000,"DB,AE",False,,True,,True,True,False,2,False,False,False
11559,(IS) Snub-Nose PPC,Equipment - (IS) Snub-Nose PPC,W,fixed,5.00,fixed,2.00,fixed,300000.0000,"DE,V",False,,False,,False,True,False,2,False,False,False
11787,(IS) Snub-Nose PPC + PPC Capacitor,Equipment - (IS) Snub-Nose PPC + PPC Capacitor,W,fixed,6.00,fixed,3.00,fixed,450000.0000,"DE,V",False,,False,,False,True,False,2,False,False,False
11777,(IS) SRM-2,Equipment - (IS) SRM-2,W,fixed,1.00,fixed,1.00,fixed,10000.0000,"M,C,S",False,,True,,False,True,False,2,True,False,False
16099,(IS) SRM-2 (iOS),Equipment - (IS) SRM-2 (iOS),W,fixed,0.50,fixed,1.00,fixed,8000.0000,"M,C,OS",False,,False,,False,True,False,2,False,False,False
16098,(IS) SRM-2 (OS),Equipment - (IS) SRM-2 (OS),W,fixed,1.50,fixed,1.00,fixed,5000.0000,"M,C,OS",False,,False,,False,True,False,2,False,False,False
11607,(IS) SRM-4,Equipment - (IS) SRM-4,W,fixed,2.00,fixed,1.00,fixed,60000.0000,"M,C,S",False,,True,,False,True,False,2,True,False,False
16100,(IS) SRM-4 (iOS),Equipment - (IS) SRM-4 (iOS),W,fixed,1.50,fixed,1.00,fixed,48000.0000,"M,C,OS",False,,False,,False,True,False,2,False,False,False
14635,(IS) SRM-4 (OS),Equipment - (IS) SRM-4 (OS),W,fixed,2.50,fixed,1.00,fixed,30000.0000,"M,C,OS",False,,False,,False,True,False,2,False,False,False
11720,(IS) SRM-6,Equipment - (IS) SRM-6,W,fixed,3.00,fixed,2.00,fixed,80000.0000,"M,C,S",False,,True,,False,True,False,2,True,False,False
15167,(IS) SRM-6 (iOS),Equipment - (IS) SRM-6 (iOS),W,fixed,2.50,fixed,2.00,fixed,54000.0000,"M,C,OS",False,,False,,False,True,False,2,False,False,False
16101,(IS) SRM-6 (OS),Equipment - (IS) SRM-6 (OS),W,fixed,3.50,fixed,2.00,fixed,40000.0000,"M,C,OS",False,,False,,False,True,False,2,False,False,False
16102,(IS) SRT-2,Equipment - (IS) SRT-2,W,fixed,1.00,fixed,1.00,fixed,10000.0000,"M,C,S",False,,False,,False,True,False,2,False,False,False
11976,(IS) SRT-4,Equipment - (IS) SRT-4,W,fixed,2.00,fixed,1.00,fixed,60000.0000,"M,C,S",False,,True,,False,True,False,2,False,False,False
15494,(IS) SRT-6,Equipment - (IS) SRT-6,W,fixed,3.00,fixed,2.00,fixed,80000.0000,"M,C,S",False,,True,,False,True,False,2,False,False,False
11646,(IS) Streak SRM-2,Equipment - (IS) Streak SRM-2,W,fixed,1.50,fixed,1.00,fixed,15000.0000,"M,C,C2",False,,True,,False,True,False,2,False,False,False
20286,(IS) Streak SRM-2 (iOS),Equipment - (IS) Streak SRM-2 (iOS),W,fixed,1.00,fixed,1.00,fixed,12000.0000,"M,C,OS,C2",False,,False,,False,True,False,2,False,False,False
12843,(IS) Streak SRM-2 (OS),Equipment - (IS) Streak SRM-2 (OS),W,fixed,2.00,fixed,1.00,fixed,7500.0000,"M,C,OS,C2",False,,False,,False,True,False,2,False,False,False
11618,(IS) Streak SRM-4,Equipment - (IS) Streak SRM-4,W,fixed,3.00,fixed,1.00,fixed,90000.0000,"M,C,C2",False,,True,,False,True,False,2,False,False,False
20288,(IS) Streak SRM-4 (iOS),Equipment - (IS) Streak SRM-4 (iOS),W,fixed,2.50,fixed,1.00,fixed,72000.0000,"M,C,OS,C2",False,,False,,False,True,False,2,False,False,False
20287,(IS) Streak SRM-4 (OS),Equipment - (IS) Streak SRM-4(OS),W,fixed,3.50,fixed,1.00,fixed,45000.0000,"M,C,OS,C2",False,,False,,False,True,False,2,False,False,False
11667,(IS) Streak SRM-6,Equipment - (IS) Streak SRM-6,W,fixed,4.50,fixed,2.00,fixed,120000.0000,"M,C,C2",False,,True,,False,True,False,2,False,False,False
20290,(IS) Streak SRM-6 (iOS),Equipment - (IS) Streak SRM-6 (iOS),W,fixed,4.00,fixed,2.00,fixed,96000.0000,"M,C,OS,C2",False,,False,,False,True,False,2,False,False,False
20289,(IS) Streak SRM-6 (OS),Equipment - (IS) Streak SRM-6 (OS),W,fixed,5.00,fixed,2.00,fixed,60000.0000,"M,C,OS,C2",False,,False,,False,True,False,2,False,False,False
12375,(IS) Thunderbolt-10,Equipment - (IS) Thunderbolt-10,W,fixed,7.00,fixed,2.00,fixed,175000.0000,M,False,,True,,False,True,False,2,False,False,False
11945,(IS) Thunderbolt-15,Equipment - (IS) Thunderbolt-15,W,fixed,11.00,fixed,3.00,fixed,325000.0000,M,False,,True,,False,True,False,2,False,False,False
12328,(IS) Thunderbolt-20,Equipment - (IS) Thunderbolt-20,W,fixed,15.00,fixed,5.00,fixed,450000.0000,M,False,,True,,False,True,False,2,False,False,False
14787,(IS) Thunderbolt-5,Equipment - (IS) Thunderbolt-5,W,fixed,3.00,fixed,1.00,fixed,50000.0000,M,False,,True,,False,True,False,2,False,False,False
11715,(IS) Ultra AC/10,Equipment - (IS) Ultra AC/10,W,fixed,7.00,fixed,3.00,fixed,120000.0000,"DB,R,C,R2",False,,True,,False,True,False,2,False,False,False
14603,(IS) Ultra AC/2,Equipment - (IS) Ultra AC/2,W,fixed,9.00,fixed,5.00,fixed,200000.0000,"DB,R,C,R2",False,,True,,False,True,False,2,False,False,False
11609,(IS) Ultra AC/20,Equipment - (IS) Ultra AC/20,W,fixed,13.00,fixed,7.00,fixed,320000.0000,"DB,R,C,R2",False,,True,,False,True,False,2,False,False,False
11809,(IS) Ultra AC/5,Equipment - (IS) Ultra AC/5,W,fixed,15.00,fixed,10.00,fixed,480000.0000,"DB,R,C,R2",False,,True,,False,True,False,2,False,False,False
12140,Lance,Equipment - Lance,W,melee,20.00,melee,20.00,mech,150.0000,PA,False,,False,,False,True,False,2,False,False,False
12007,Long Tom Artillery Cannon,Equipment - Long Tom Artillery Cannon,W,fixed,20.00,fixed,15.00,fixed,650000.0000,,False,,True,,True,True,False,2,False,False,False
12170,Mace,Equipment - Mace,W,melee,10.00,melee,10.00,fixed,130000.0000,,False,,False,,False,True,False,2,False,False,False
16086,Sniper Artillery Cannon,Equipment - Sniper Artillery Cannon,W,fixed,15.00,fixed,10.00,fixed,475000.0000,"DB,AE",False,,True,,True,True,False,2,False,False,False
14514,Streak SRM-6 CP,Equipment - Streak SRM-6 CP,W,fixed,4.50,fixed,2.00,fixed,120000.0000,"M,C,C2",False,,True,,False,True,False,2,False,False,False
11989,Sword,Equipment - Sword,W,melee,20.00,melee,15.00,per_ton,10000.0000,,False,,False,,False,True,False,2,False,False,False
